Line|LOS|a|e|i|o|u|Ac|Ec|Ic|Oc|Uc
\"\"|1|0|0|0|0|0|0|0|0|0|0
"Call me Ishmael. Some years ago—never mind how long precisely—having"|69|5|8|3|4|0|0|0|1|0|0
"little or no money in my purse, and nothing particular to interest me"|70|3|6|5|5|2|0|0|0|0|0
"on shore, I thought I would sail about a little and see the watery part"|72|6|6|2|5|3|0|0|2|0|0
"of the world. It is a way I have of driving off the spleen and"|63|4|5|3|4|0|0|0|2|0|0
"regulating the circulation. Whenever I find myself growing grim about"|70|3|6|6|3|3|0|0|1|0|0
"the mouth; whenever it is a damp, drizzly November in my soul; whenever"|72|2|9|4|3|2|0|0|0|0|0
"I find myself involuntarily pausing before coffin warehouses, and"|66|4|5|5|4|3|0|0|1|0|0
"bringing up the rear of every funeral I meet; and especially whenever"|70|4|12|3|1|2|0|0|1|0|0
"my hypos get such an upper hand of me, that it requires a strong moral"|71|5|5|2|4|3|0|0|0|0|0
"principle to prevent me from deliberately stepping into the street, and"|72|2|11|5|3|0|0|0|0|0|0
"methodically knocking people’s hats off—then, I account it high time to"|72|3|5|5|6|1|0|0|1|0|0
"get to sea as soon as I can. This is my substitute for pistol and ball."|72|6|3|4|5|2|0|0|1|0|0
"With a philosophical flourish Cato throws himself upon his sword; I"|68|3|1|6|7|2|0|0|1|0|0
"quietly take to the ship. There is nothing surprising in this. If they"|71|1|6|8|2|2|0|0|1|0|0
"but knew it, almost all men in their degree, some time or other,"|65|2|9|4|4|1|0|0|0|0|0
"cherish very nearly the same feelings towards the ocean with me."|65|4|10|3|2|0|0|0|0|0|0
\"\"|1|0|0|0|0|0|0|0|0|0|0
"There now is your insular city of the Manhattoes, belted round by"|66|3|6|3|5|3|0|0|0|0|0
"wharves as Indian isles by coral reefs—commerce surrounds it with her"|70|4|7|4|3|2|0|0|1|0|0
"surf. Right and left, the streets take you waterward. Its extreme"|66|4|9|1|1|2|0|0|1|0|0
"downtown is the battery, where that noble mole is washed by waves, and"|71|5|8|2|4|0|0|0|0|0|0
"cooled by breezes, which a few hours previous were out of sight of"|67|1|8|3|7|3|0|0|0|0|0
"land. Look at the crowds of water-gazers there."|48|4|5|0|4|0|0|0|0|0|0
\"\"|1|0|0|0|0|0|0|0|0|0|0
"Circumambulate the city of a dreamy Sabbath afternoon. Go from Corlears"|72|8|5|2|6|2|0|0|0|0|0
"Hook to Coenties Slip, and from thence, by Whitehall, northward. What"|70|4|5|3|6|0|0|0|0|0|0
"do you see?—Posted like silent sentinels all around the town, stand"|68|3|8|3|5|2|0|0|0|0|0
"thousands upon thousands of mortal men fixed in ocean reveries. Some"|69|4|7|3|7|3|0|0|0|0|0
"leaning against the spiles; some seated upon the pier-heads; some"|66|5|10|4|3|1|0|0|0|0|0
"looking over the bulwarks of ships from China; some high aloft in the"|70|3|4|5|7|1|0|0|0|0|0
"rigging, as if striving to get a still better seaward peep. But these"|70|4|8|6|1|1|0|0|0|0|0
"are all landsmen; of week days pent up in lath and plaster—tied to"|67|7|7|2|2|1|0|0|0|0|0
"counters, nailed to benches, clinched to desks. How then is this? Are"|70|1|8|4|4|1|1|0|0|0|0
"the green fields gone? What do they here?"|42|1|8|1|2|0|0|0|0|0|0
\"\"|1|0|0|0|0|0|0|0|0|0|0
"But look! here come more crowds, pacing straight for the water, and"|68|4|6|2|6|1|0|0|0|0|0
"seemingly bound for a dive. Strange! Nothing will content them but the"|71|2|7|4|4|2|0|0|0|0|0
"extremest limit of the land; loitering under the shady lee of yonder"|69|2|10|4|4|1|0|0|0|0|0
"warehouses will not suffice. No. They must get just as nigh the water"|70|3|7|3|3|4|0|0|0|0|0
"as they possibly can without falling in. And there they stand—miles of"|71|4|5|5|3|1|1|0|0|0|0
"them—leagues. Inlanders all, they come from lanes and alleys, streets"|70|6|10|0|2|1|0|0|1|0|0
"and avenues—north, east, south, and west. Yet here they all unite. Tell"|72|5|10|1|2|3|0|0|0|0|0
"me, does the magnetic virtue of the needles of the compasses of all"|68|3|11|2|5|1|0|0|0|0|0
"those ships attract them thither?"|34|2|3|2|1|0|0|0|0|0|0
\"\"|1|0|0|0|0|0|0|0|0|0|0
"Once more. Say you are in the country; in some high land of lakes. Take"|72|5|7|3|5|2|0|0|0|1|0
"almost any path you please, and ten to one it carries you down in a"|68|7|5|3|6|2|0|0|0|0|0
"dale, and leaves you there by a pool in the stream. There is magic in"|70|6|9|4|3|1|0|0|0|0|0
"it. Let the most absent-minded of men be plunged in his deepest"|64|1|10|4|2|1|0|0|0|0|0
"reveries—stand that man on his legs, set his feet a-going, and he will"|71|5|8|5|2|0|0|0|0|0|0
"infallibly lead you to water, if water there be in all that region."|68|6|7|5|3|1|0|0|0|0|0
"Should you ever be athirst in the great American desert, try this"|66|3|8|4|2|2|1|0|0|0|0
"experiment, if your caravan happen to be supplied with a metaphysical"|70|7|7|5|2|2|0|0|0|0|0
"professor. Yes, as every one knows, meditation and water are wedded for"|72|5|10|2|6|0|0|0|0|0|0
"ever."|6|0|2|0|0|0|0|0|0|0|0
\"\"|1|0|0|0|0|0|0|0|0|0|0
"But here is an artist. He desires to paint you the dreamiest, shadiest,"|72|5|9|6|2|2|0|0|0|0|0
"quietest, most enchanting bit of romantic landscape in all the valley"|70|6|6|5|3|1|0|0|0|0|0
"of the Saco. What is the chief element he employs? There stand his"|67|3|10|3|3|0|0|0|0|0|0
"trees, each with a hollow trunk, as if a hermit and a crucifix were"|68|6|6|5|2|2|0|0|0|0|0
"within; and here sleeps his meadow, and there sleep his cattle; and up"|71|5|10|4|1|1|0|0|0|0|0
"from yonder cottage goes a sleepy smoke. Deep into distant woodlands"|69|4|8|2|8|0|0|0|0|0|0
"winds a mazy way, reaching to overlapping spurs of mountains bathed in"|71|7|3|5|4|2|0|0|0|0|0
"their hill-side blue. But though the picture lies thus tranced, and"|68|2|7|5|1|5|0|0|0|0|0
"though this pine-tree shakes down its sighs like leaves upon this"|66|2|7|6|3|2|0|0|0|0|0
"shepherd’s head, yet all were vain, unless the shepherd’s eye were"|67|3|14|1|0|1|0|0|0|0|0
"fixed upon the magic stream before him. Go visit the Prairies in June,"|71|3|8|8|3|2|0|0|0|0|0
"when for scores on scores of miles you wade knee-deep among"|60|2|9|1|7|1|0|0|0|0|0
"Tiger-lilies—what is the one charm wanting?—Water—there is not a drop"|70|5|7|6|3|0|0|0|0|0|0
"of water there! Were Niagara but a cataract of sand, would you travel"|70|10|6|1|4|3|0|0|0|0|0
"your thousand miles to see it? Why did the poor poet of Tennessee, upon"|72|1|9|3|8|3|0|0|0|0|0
"suddenly receiving two handfuls of silver, deliberate whether to buy"|69|2|9|4|3|3|0|0|0|0|0
"him a coat, which he sadly needed, or invest his money in a pedestrian"|71|5|8|6|3|0|0|0|0|0|0
"trip to Rockaway Beach? Why is almost every robust healthy boy with a"|70|6|4|3|5|1|0|0|0|0|0
"robust healthy soul in him, at some time or other crazy to go to sea?"|70|4|5|3|8|2|0|0|0|0|0
"Why upon your first voyage as a passenger, did you yourself feel such a"|72|5|6|2|5|5|0|0|0|0|0
"mystical vibration, when first told that you and your ship were now out"|72|4|3|5|6|3|0|0|0|0|0
"of sight of land? Why did the old Persians hold the sea holy? Why did"|70|3|4|4|5|0|0|0|0|0|0
"the Greeks give it a separate deity, and own brother of Jove? Surely"|69|4|10|3|4|1|0|0|0|0|0
"all this is not without meaning. And still deeper the meaning of that"|70|4|6|6|3|1|1|0|0|0|0
"story of Narcissus, who because he could not grasp the tormenting, mild"|72|3|5|3|6|3|0|0|0|0|0
"image he saw in the fountain, plunged into it and was drowned. But that"|72|6|5|5|3|3|0|0|0|0|0
"same image, we ourselves see in all rivers and oceans. It is the image"|71|6|11|5|2|1|0|0|1|0|0
"of the ungraspable phantom of life; and this is the key to it all."|67|5|5|4|4|1|0|0|0|0|0
\"\"|1|0|0|0|0|0|0|0|0|0|0
"Now, when I say that I am in the habit of going to sea whenever I begin"|72|5|7|4|4|0|0|0|3|0|0
"to grow hazy about the eyes, and begin to be over conscious of my"|66|3|6|2|8|2|0|0|0|0|0
"lungs, I do not mean to have it inferred that I ever go to sea as a"|68|6|7|2|5|1|0|0|2|0|0
"passenger. For to go as a passenger you must needs have a purse, and a"|71|8|8|0|4|3|0|0|0|0|0
"purse is but a rag unless you have something in it. Besides, passengers"|72|4|8|5|2|4|0|0|0|0|0
"get sea-sick—grow quarrelsome—don’t sleep of nights—do not enjoy"|65|2|7|2|7|1|0|0|0|0|0
"themselves much, as a general thing;—no, I never go as a passenger;"|68|6|9|1|2|1|0|0|1|0|0
"nor, though I am something of a salt, do I ever go to sea as a"|63|6|4|1|7|1|0|0|2|0|0
"Commodore, or a Captain, or a Cook. I abandon the glory and distinction"|72|7|2|4|10|0|0|0|1|0|0
"of such offices to those who like them. For my part, I abominate all"|69|4|5|3|7|1|0|0|1|0|0
"honorable respectable toils, trials, and tribulations of every kind"|68|5|6|5|5|1|0|0|0|0|0
"whatsoever. It is quite as much as I can do to take care of myself,"|68|6|6|2|4|2|0|0|2|0|0
"without taking care of ships, barques, brigs, schooners, and what not."|71|5|3|4|5|2|0|0|0|0|0
"And as for going as cook,—though I confess there is considerable glory"|71|3|5|3|8|1|1|0|1|0|0
"in that, a cook being a sort of officer on ship-board—yet, somehow, I"|70|4|4|4|9|0|0|0|1|0|0
"never fancied broiling fowls;—though once broiled, judiciously"|63|1|5|6|6|3|0|0|0|0|0
"buttered, and judgmatically salted and peppered, there is no one who"|69|5|9|2|3|2|0|0|0|0|0
"will speak more respectfully, not to say reverentially, of a broiled"|69|4|8|3|5|1|0|0|0|0|0
"fowl than I will. It is out of the idolatrous dotings of the old"|65|2|2|4|8|2|0|0|2|0|0
"Egyptians upon broiled ibis and roasted river horse, that you see the"|70|4|7|5|5|2|0|1|0|0|0
"mummies of those creatures in their huge bake-houses the pyramids."|67|3|9|4|3|4|0|0|0|0|0
\"\"|1|0|0|0|0|0|0|0|0|0|0
"No, when I go to sea, I go as a simple sailor, right before the mast,"|70|5|6|3|6|0|0|0|2|0|0
"plumb down into the forecastle, aloft there to the royal mast-head."|68|5|7|1|6|1|0|0|0|0|0
"True, they rather order me about some, and make me jump from spar to"|69|5|8|0|5|3|0|0|0|0|0
"spar, like a grasshopper in a May meadow. And at first, this sort of"|69|7|3|4|4|0|1|0|0|0|0
"thing is unpleasant enough. It touches one’s sense of honor,"|61|2|6|2|6|3|0|0|1|0|0
"particularly if you come of an old established family in the land, the"|71|6|5|5|4|2|0|0|0|0|0
"Van Rensselaers, or Randolphs, or Hardicanutes. And more than all, if"|70|7|5|2|4|1|1|0|0|0|0
"just previous to putting your hand into the tar-pot, you have been"|67|3|5|3|6|5|0|0|0|0|0
"lording it as a country schoolmaster, making the tallest boys stand in"|71|6|3|4|5|1|0|0|0|0|0
"awe of you. The transition is a keen one, I assure you, from a"|63|5|6|3|6|3|0|0|1|0|0
"schoolmaster to a sailor, and requires a strong decoction of Seneca and"|72|7|6|3|8|1|0|0|0|0|0
"the Stoics to enable you to grin and bear it. But even this wears off"|70|4|7|4|5|2|0|0|0|0|0
"in time."|9|0|1|2|0|0|0|0|0|0|0
\"\"|1|0|0|0|0|0|0|0|0|0|0
"What of it, if some old hunks of a sea-captain orders me to get a broom"|72|6|5|3|8|1|0|0|0|0|0
"and sweep down the decks? What does that indignity amount to, weighed,"|71|4|7|4|4|1|0|0|0|0|0
"I mean, in the scales of the New Testament? Do you think the archangel"|71|5|9|2|3|1|0|0|1|0|0
"Gabriel thinks anything the less of me, because I promptly and"|63|4|6|3|2|1|0|0|1|0|0
"respectfully obey that old hunks in that particular instance? Who ain’t"|72|6|4|4|3|3|0|0|0|0|0
"a slave? Tell me that. Well, then, however the old sea-captains may"|68|7|9|1|2|0|0|0|0|0|0
"order me about—however they may thump and punch me about, I have the"|69|5|8|0|4|4|0|0|1|0|0
"satisfaction of knowing that it is all right; that everybody else is"|69|5|4|7|4|0|0|0|0|0|0
"one way or other served in much the same way—either in a physical or"|69|5|8|4|4|1|0|0|0|0|0
"metaphysical point of view, that is; and so the universal thump is"|67|5|4|6|3|2|0|0|0|0|0
"passed round, and all hands should rub each other’s shoulder-blades,"|69|6|5|0|4|4|0|0|0|0|0
"and be content."|16|1|2|0|1|0|0|0|0|0|0
\"\"|1|0|0|0|0|0|0|0|0|0|0
"Again, I always go to sea as a sailor, because they make a point of"|68|10|5|3|5|1|1|0|1|0|0
"paying me for my trouble, whereas they never pay passengers a single"|69|5|10|2|2|1|0|0|0|0|0
"penny that I ever heard of. On the contrary, passengers themselves must"|72|4|10|0|2|1|0|0|1|1|0
"pay. And there is all the difference in the world between paying and"|69|4|10|4|1|0|1|0|0|0|0
"being paid. The act of paying is perhaps the most uncomfortable"|64|5|5|4|4|1|0|0|0|0|0
"infliction that the two orchard thieves entailed upon us. But _being"|69|3|6|6|4|3|0|0|0|0|0
"paid_,—what will compare with it? The urbane activity with which a man"|71|7|3|8|1|1|0|0|0|0|0
"receives money is really marvellous, considering that we so earnestly"|70|4|10|4|4|1|0|0|0|0|0
"believe money to be the root of all earthly ills, and that on no"|65|4|7|2|7|0|0|0|0|0|0
"account can a monied man enter heaven. Ah! how cheerfully we consign"|69|5|8|2|4|2|1|0|0|0|0
"ourselves to perdition!"|24|0|3|2|3|1|0|0|0|0|0
\"\"|1|0|0|0|0|0|0|0|0|0|0
"Finally, I always go to sea as a sailor, because of the wholesome"|66|8|6|2|6|1|0|0|1|0|0
"exercise and pure air of the fore-castle deck. For as in this world,"|69|4|8|4|4|1|0|0|0|0|0
"head winds are far more prevalent than winds from astern (that is, if"|70|7|6|4|2|0|0|0|0|0|0
"you never violate the Pythagorean maxim), so for the most part the"|67|5|7|2|6|1|0|0|0|0|0
"Commodore on the quarter-deck gets his atmosphere at second hand from"|70|4|8|1|7|1|0|0|0|0|0
"the sailors on the forecastle. He thinks he breathes it first; but not"|71|3|8|4|4|1|0|0|0|0|0
"so. In much the same way do the commonalty lead their leaders in many"|70|6|7|2|4|1|0|0|1|0|0
"other things, at the same time that the leaders little suspect it. But"|71|4|9|4|1|2|0|0|0|0|0
"wherefore it was that after having repeatedly smelt the sea as a"|65|8|10|2|1|0|0|0|0|0|0
"merchant sailor, I should now take it into my head to go on a whaling"|70|6|3|4|7|1|0|0|1|0|0
"voyage; this the invisible police officer of the Fates, who has the"|68|3|8|6|5|0|0|0|0|0|0
"constant surveillance of me, and secretly dogs me, and influences me in"|72|4|9|3|3|2|0|0|0|0|0
"some unaccountable way—he can better answer than any one else. And,"|68|7|9|0|3|2|1|0|0|0|0
"doubtless, my going on this whaling voyage, formed part of the grand"|69|4|4|3|6|1|0|0|0|0|0
"programme of Providence that was drawn up a long time ago. It came in"|70|7|5|3|5|1|0|0|1|0|0
"as a sort of brief interlude and solo between more extensive"|61|3|10|3|5|1|0|0|0|0|0
"performances. I take it that this part of the bill must have run"|65|5|5|3|2|2|0|0|1|0|0
"something like this:"|21|0|2|3|1|0|0|0|0|0|0
\"\"|1|0|0|0|0|0|0|0|0|0|0
"“_Grand Contested Election for the Presidency of the United States._"|69|2|9|3|4|0|0|1|0|0|1
"“WHALING VOYAGE BY ONE ISHMAEL. “BLOODY BATTLE IN AFFGHANISTAN.”"|65|0|0|0|0|0|7|4|4|4|0
\"\"|1|0|0|0|0|0|0|0|0|0|0
"Though I cannot tell why it was exactly that those stage managers, the"|71|7|6|1|3|1|0|0|1|0|0
"Fates, put me down for this shabby part of a whaling voyage, when"|66|6|4|2|4|1|0|0|0|0|0
"others were set down for magnificent parts in high tragedies, and short"|72|4|7|5|4|0|0|0|0|0|0
"and easy parts in genteel comedies, and jolly parts in farces—though I"|71|6|7|3|3|1|0|0|1|0|0
"cannot tell why this was exactly; yet, now that I recall all the"|65|6|5|1|2|0|0|0|1|0|0
"circumstances, I think I can see a little into the springs and motives"|71|4|6|6|2|1|0|0|2|0|0
"which being cunningly presented to me under various disguises, induced"|71|1|8|7|2|5|0|0|0|0|0
"me to set about performing the part I did, besides cajoling me into the"|72|3|8|5|5|1|0|0|1|0|0
"delusion that it was a choice resulting from my own unbiased freewill"|70|4|6|6|4|3|0|0|0|0|0
"and discriminating judgment."|29|2|1|4|0|1|0|0|0|0|0
\"\"|1|0|0|0|0|0|0|0|0|0|0
"Chief among these motives was the overwhelming idea of the great whale"|71|5|11|4|4|0|0|0|0|0|0
"himself. Such a portentous and mysterious monster roused all my"|64|3|5|2|5|4|0|0|0|0|0
"curiosity. Then the wild and distant seas where he rolled his island"|69|4|7|6|2|1|0|0|0|0|0
"bulk; the undeliverable, nameless perils of the whale; these, with all"|71|4|11|3|1|2|0|0|0|0|0
"the attending marvels of a thousand Patagonian sights and sounds,"|66|8|3|3|4|2|0|0|0|0|0
"helped to sway me to my wish. With other men, perhaps, such things"|67|2|6|3|3|1|0|0|0|0|0
"would not have been inducements; but as for me, I am tormented with an"|71|4|8|2|4|3|0|0|1|0|0
"everlasting itch for things remote. I love to sail forbidden seas, and"|71|4|7|5|5|0|0|0|1|0|0
"land on barbarous coasts. Not ignoring what is good, I am quick to"|67|6|0|4|8|2|0|0|1|0|0
"perceive a horror, and could still be social with it—would they let"|68|3|6|5|5|2|0|0|0|0|0
"me—since it is but well to be on friendly terms with all the inmates of"|72|2|8|6|3|1|0|0|0|0|0
"the place one lodges in."|25|1|4|1|2|0|0|0|0|0|0
\"\"|1|0|0|0|0|0|0|0|0|0|0
"By reason of these things, then, the whaling voyage was welcome; the"|69|4|9|2|4|0|0|0|0|0|0
"great flood-gates of the wonder-world swung open, and in the wild"|66|3|6|2|6|1|0|0|0|0|0
"conceits that swayed me to my purpose, two and two there floated into"|70|4|7|2|7|1|0|0|0|0|0
"my inmost soul, endless processions of the whale, and, mid most of them"|72|2|6|3|7|1|0|0|0|0|0
"all, one grand hooded phantom, like a snow hill in the air."|60|5|4|4|5|0|0|0|0|0|0
\"\"|1|0|0|0|0|0|0|0|0|0|0
\"\"|1|0|0|0|0|0|0|0|0|0|0
"CHAPTER 2. The Carpet-Bag."|27|2|2|0|0|0|1|1|0|0|0
\"\"|1|0|0|0|0|0|0|0|0|0|0
"I stuffed a shirt or two into my old carpet-bag, tucked it under my"|68|3|4|3|4|3|0|0|1|0|0
"arm, and started for Cape Horn and the Pacific. Quitting the good city"|71|6|4|5|4|1|0|0|0|0|0
"of old Manhatto, I duly arrived in New Bedford. It was a Saturday night"|72|7|3|3|4|2|0|0|2|0|0
"in December. Much was I disappointed upon learning that the little"|67|4|7|5|2|2|0|0|1|0|0
"packet for Nantucket had already sailed, and that no way of reaching"|69|10|5|2|3|1|0|0|0|0|0
"that place would offer, till the following Monday."|51|3|3|2|5|1|0|0|0|0|0
\"\"|1|0|0|0|0|0|0|0|0|0|0
"As most young candidates for the pains and penalties of whaling stop at"|72|7|4|4|5|1|1|0|0|0|0
"this same New Bedford, thence to embark on their voyage, it may as well"|72|5|9|3|4|0|0|0|0|0|0
"be related that I, for one, had no idea of so doing. For my mind was"|69|5|5|3|7|0|0|0|1|0|0
"made up to sail in no other than a Nantucket craft, because there was a"|72|9|7|2|3|3|0|0|0|0|0
"fine, boisterous something about everything connected with that famous"|71|3|7|5|6|3|0|0|0|0|0
"old island, which amazingly pleased me. Besides though New Bedford has"|71|5|7|4|3|1|0|0|0|0|0
"of late been gradually monopolising the business of whaling, and though"|72|5|5|4|6|3|0|0|0|0|0
"in this matter poor old Nantucket is now much behind her, yet Nantucket"|72|3|6|4|4|3|0|0|0|0|0
"was her great original—the Tyre of this Carthage;—the place where the"|70|6|10|3|2|0|0|0|0|0|0
"first dead American whale was stranded. Where else but from Nantucket"|70|6|9|2|1|2|1|0|0|0|0
"did those aboriginal whalemen, the Red-Men, first sally out in canoes"|70|5|7|5|4|1|0|0|0|0|0
"to give chase to the Leviathan? And where but from Nantucket, too, did"|71|4|7|3|5|2|1|0|0|0|0
"that first adventurous little sloop put forth, partly laden with"|65|4|3|3|4|3|0|0|0|0|0
"imported cobblestones—so goes the story—to throw at the whales, in"|67|2|7|2|8|0|0|0|0|0|0
"order to discover when they were nigh enough to risk a harpoon from the"|72|2|8|3|8|1|0|0|0|0|0
"bowsprit?"|10|0|0|1|1|0|0|0|0|0|0
\"\"|1|0|0|0|0|0|0|0|0|0|0
"Now having a night, a day, and still another night following before me"|71|6|4|5|5|0|0|0|0|0|0
"in New Bedford, ere I could embark for my destined port, it became a"|69|3|9|3|4|1|0|0|1|0|0
"matter of concernment where I was to eat and sleep meanwhile. It was a"|71|7|10|1|3|0|0|0|2|0|0
"very dubious-looking, nay, a very dark and dismal night, bitingly cold"|71|5|2|6|4|2|0|0|0|0|0
"and cheerless. I knew no one in the place. With anxious grapnels I had"|71|5|8|3|3|1|0|0|2|0|0
"sounded my pocket, and only brought up a few pieces of silver,—So,"|67|2|6|2|6|3|0|0|0|0|0
"wherever you go, Ishmael, said I to myself, as I stood in the middle of"|72|3|7|3|6|1|0|0|3|0|0
"a dreary street shouldering my bag, and comparing the gloom towards the"|72|6|6|2|5|1|0|0|0|0|0
"north with the darkness towards the south—wherever in your wisdom you"|70|2|6|3|6|3|0|0|0|0|0
"may conclude to lodge for the night, my dear Ishmael, be sure to"|65|3|7|1|5|2|0|0|1|0|0
"inquire the price, and don’t be too particular."|48|3|4|4|3|2|0|0|0|0|0
\"\"|1|0|0|0|0|0|0|0|0|0|0
"With halting steps I paced the streets, and passed the sign of “The"|68|4|8|3|1|0|0|0|1|0|0
"Crossed Harpoons”—but it looked too expensive and jolly there. Further"|71|2|8|2|8|2|0|0|0|0|0
"on, from the bright red windows of the “Sword-Fish Inn,” there came"|68|1|6|3|5|0|0|0|1|0|0
"such fervent rays, that it seemed to have melted the packed snow and"|69|5|10|1|2|1|0|0|0|0|0
"ice from before the house, for everywhere else the congealed frost lay"|71|2|14|1|6|1|0|0|0|0|0
"ten inches thick in a hard, asphaltic pavement,—rather weary for me,"|69|7|7|4|1|0|0|0|0|0|0
"when I struck my foot against the flinty projections, because from"|67|3|5|3|5|2|0|0|1|0|0
"hard, remorseless service the soles of my boots were in a most"|63|2|9|2|6|0|0|0|0|0|0
"miserable plight. Too expensive and jolly, again thought I, pausing one"|72|5|6|5|5|2|0|0|1|0|0
"moment to watch the broad glare in the street, and hear the sounds of"|70|5|8|1|5|1|0|0|0|0|0
"the tinkling glasses within. But go on, Ishmael, said I at last; don’t"|71|5|3|5|3|1|0|0|2|0|0
"you hear? get away from before the door; your patched boots are"|64|5|7|0|8|2|0|0|0|0|0
"stopping the way. So on I went. I now by instinct followed the streets"|71|1|6|3|6|0|0|0|2|0|0
"that took me waterward, for there, doubtless, were the cheapest, if not"|72|4|10|1|5|1|0|0|0|0|0
"the cheeriest inns."|20|0|4|2|0|0|0|0|0|0|0
\"\"|1|0|0|0|0|0|0|0|0|0|0
"Such dreary streets! blocks of blackness, not houses, on either hand,"|70|3|7|1|5|2|0|0|0|0|0
"and here and there a candle, like a candle moving about in a tomb. At"|70|8|7|3|3|1|1|0|0|0|0
"this hour of the night, of the last day of the week, that quarter of"|69|4|6|2|5|2|0|0|0|0|0
"the town proved all but deserted. But presently I came to a smoky light"|72|3|8|1|4|2|0|0|1|0|0
"proceeding from a low, wide building, the door of which stood"|62|1|4|5|8|1|0|0|0|0|0
"invitingly open. It had a careless look, as if it were meant for the"|69|5|7|5|4|0|0|0|1|0|0
"uses of the public; so, entering, the first thing I did was to stumble"|71|1|6|5|3|3|0|0|1|0|0
"over an ash-box in the porch. Ha! thought I, ha, as the flying"|63|5|3|2|4|1|0|0|1|0|0
"particles almost choked me, are these ashes from that destroyed city,"|70|5|9|2|4|0|0|0|0|0|0
"Gomorrah? But “The Crossed Harpoons,” and “The Sword-Fish?”—this, then"|71|3|4|2|6|1|0|0|0|0|0
"must needs be the sign of “The Trap.” However, I picked myself up and"|70|2|9|2|2|2|0|0|1|0|0
"hearing a loud voice within, pushed on and opened a second, interior"|69|4|7|6|6|2|0|0|0|0|0
"door."|6|0|0|0|2|0|0|0|0|0|0
\"\"|1|0|0|0|0|0|0|0|0|0|0
"It seemed the great Black Parliament sitting in Tophet. A hundred black"|72|5|8|4|1|1|1|0|1|0|0
"faces turned round in their rows to peer; and beyond, a black Angel of"|71|4|7|2|5|2|1|0|0|0|0
"Doom was beating a book in a pulpit. It was a negro church; and the"|68|7|3|3|5|2|0|0|1|0|0
"preacher’s text was about the blackness of darkness, and the weeping"|69|6|9|1|2|1|0|0|0|0|0
"and wailing and teeth-gnashing there. Ha, Ishmael, muttered I, backing"|71|7|7|4|0|1|0|0|2|0|0
"out, Wretched entertainment at the sign of ‘The Trap!’"|55|3|7|2|2|1|0|0|0|0|0
\"\"|1|0|0|0|0|0|0|0|0|0|0
"Moving on, I at last came to a dim sort of light not far from the"|66|5|2|3|7|0|0|0|1|0|0
"docks, and heard a forlorn creaking in the air; and looking up, saw a"|70|8|3|4|5|1|0|0|0|0|0
"swinging sign over the door with a white painting upon it, faintly"|67|3|3|9|4|1|0|0|0|0|0
"representing a tall straight jet of misty spray, and these words"|65|5|6|3|2|0|0|0|0|0|0
"underneath—“The Spouter Inn:—Peter Coffin.”"|44|1|6|1|2|2|0|0|1|0|0
\"\"|1|0|0|0|0|0|0|0|0|0|0
"Coffin?—Spouter?—Rather ominous in that particular connexion, thought"|70|4|3|5|7|4|0|0|0|0|0
"I. But it is a common name in Nantucket, they say, and I suppose this"|70|5|4|4|3|3|0|0|2|0|0
"Peter here is an emigrant from there. As the light looked so dim, and"|70|3|9|4|4|0|1|0|0|0|0
"the place, for the time, looked quiet enough, and the dilapidated"|66|4|9|4|4|2|0|0|0|0|0
"little wooden house itself looked as if it might have been carted here"|71|3|11|5|5|1|0|0|0|0|0
"from the ruins of some burnt district, and as the swinging sign had a"|70|4|3|6|3|2|0|0|0|0|0
"poverty-stricken sort of creak to it, I thought that here was the very"|71|3|7|2|5|1|0|0|1|0|0
"spot for cheap lodgings, and the best of pea coffee."|53|3|6|1|5|0|0|0|0|0|0
\"\"|1|0|0|0|0|0|0|0|0|0|0
"It was a queer sort of place—a gable-ended old house, one side palsied"|71|6|10|2|5|2|0|0|1|0|0
"as it were, and leaning over sadly. It stood on a sharp bleak corner,"|70|7|6|2|5|0|0|0|1|0|0
"where that tempestuous wind Euroclydon kept up a worse howling than"|68|3|6|2|5|4|0|1|0|0|0
"ever it did about poor Paul’s tossed craft. Euroclydon, nevertheless,"|70|3|7|2|6|3|0|1|0|0|0
"is a mighty pleasant zephyr to any one in-doors, with his feet on the"|70|4|6|5|5|0|0|0|0|0|0
"hob quietly toasting for bed. “In judging of that tempestuous wind"|67|2|4|4|5|4|0|0|1|0|0
"called Euroclydon,” says an old writer—of whose works I possess the"|68|3|5|1|7|1|0|1|1|0|0
"only copy extant—“it maketh a marvellous difference, whether thou"|66|4|8|2|4|2|0|0|0|0|0
"lookest out at it from a glass window where the frost is all on the"|68|4|5|3|7|1|0|0|0|0|0
"outside, or whether thou observest it from that sashless window, where"|71|2|8|3|6|2|0|0|0|0|0
"the frost is on both sides, and of which the wight Death is the only"|69|2|5|5|5|0|0|0|0|0|0
"glazier.” True enough, thought I, as this passage occurred to my"|65|4|5|2|4|4|0|0|1|0|0
"mind—old black-letter, thou reasonest well. Yes, these eyes are"|64|3|11|1|3|1|0|0|0|0|0
"windows, and this body of mine is the house. What a pity they didn’t"|69|3|4|6|4|1|0|0|0|0|0
"stop up the chinks and the crannies though, and thrust in a little lint"|72|4|4|5|2|3|0|0|0|0|0
"here and there. But it’s too late to make any improvements now. The"|68|4|9|2|5|1|0|0|0|0|0
"universe is finished; the copestone is on, and the chips were carted"|69|2|10|6|3|1|0|0|0|0|0
"off a million years ago. Poor Lazarus there, chattering his teeth"|66|6|6|4|5|1|0|0|0|0|0
"against the curbstone for his pillow, and shaking off his tatters with"|71|5|3|6|4|1|0|0|0|0|0
"his shiverings, he might plug up both ears with rags, and put a"|64|4|3|5|1|3|0|0|0|0|0
"corn-cob into his mouth, and yet that would not keep out the"|61|2|4|2|7|3|0|0|0|0|0
"tempestuous Euroclydon. Euroclydon! says old Dives, in his red silken"|70|1|5|4|6|4|0|2|0|0|0
"wrapper—(he had a redder one afterwards) pooh, pooh! What a fine frosty"|72|7|7|1|6|0|0|0|0|0|0
"night; how Orion glitters; what northern lights! Let them talk of their"|72|2|5|5|4|0|0|0|0|1|0
"oriental summer climes of everlasting conservatories; give me the"|66|3|10|5|4|1|0|0|0|0|0
"privilege of making my own summer with my own coals."|53|2|3|4|4|1|0|0|0|0|0
\"\"|1|0|0|0|0|0|0|0|0|0|0
"But what thinks Lazarus? Can he warm his blue hands by holding them up"|71|6|3|3|1|4|0|0|0|0|0
"to the grand northern lights? Would not Lazarus rather be in Sumatra"|69|6|4|2|4|3|0|0|0|0|0
"than here? Would he not far rather lay him down lengthwise along the"|69|5|7|2|4|1|0|0|0|0|0
"line of the equator; yea, ye gods! go down to the fiery pit itself, in"|71|2|8|5|6|1|0|0|0|0|0
"order to keep out this frost?"|30|0|3|1|4|1|0|0|0|0|0
\"\"|1|0|0|0|0|0|0|0|0|0|0
"Now, that Lazarus should lie stranded there on the curbstone before the"|72|4|9|1|5|3|0|0|0|0|0
"door of Dives, this is more wonderful than that an iceberg should be"|69|3|6|4|6|2|0|0|0|0|0
"moored to one of the Moluccas. Yet Dives himself, he too lives like a"|70|2|9|4|8|1|0|0|0|0|0
"Czar in an ice palace made of frozen sighs, and being a president of a"|71|8|7|5|3|0|0|0|0|0|0
"temperance society, he only drinks the tepid tears of orphans."|63|3|8|3|4|0|0|0|0|0|0
\"\"|1|0|0|0|0|0|0|0|0|0|0
"But no more of this blubbering now, we are going a-whaling, and there"|70|4|6|4|5|2|0|0|0|0|0
"is plenty of that yet to come. Let us scrape the ice from our frosted"|70|2|8|2|6|2|0|0|0|0|0
"feet, and see what sort of a place this “Spouter” may be."|58|5|7|1|3|1|0|0|0|0|0
\"\"|1|0|0|0|0|0|0|0|0|0|0
\"\"|1|0|0|0|0|0|0|0|0|0|0
"CHAPTER 3. The Spouter-Inn."|28|0|2|0|1|1|1|1|1|0|0
\"\"|1|0|0|0|0|0|0|0|0|0|0
"Entering that gable-ended Spouter-Inn, you found yourself in a wide,"|69|3|7|3|4|4|0|1|1|0|0
"low, straggling entry with old-fashioned wainscots, reminding one of"|69|3|4|6|6|0|0|0|0|0|0
"the bulwarks of some condemned old craft. On one side hung a very large"|72|4|8|1|5|2|0|0|0|1|0
"oilpainting so thoroughly besmoked, and every way defaced, that in the"|71|5|7|4|5|1|0|0|0|0|0
"unequal crosslights by which you viewed it, it was only by diligent"|68|2|4|7|3|3|0|0|0|0|0
"study and a series of systematic visits to it, and careful inquiry of"|70|5|4|7|3|3|0|0|0|0|0
"the neighbors, that you could any way arrive at an understanding of its"|72|7|4|4|4|3|0|0|0|0|0
"purpose. Such unaccountable masses of shades and shadows, that at first"|72|8|4|1|4|4|0|0|0|0|0
"you almost thought some ambitious young artist, in the time of the New"|71|3|5|5|7|4|0|0|0|0|0
"England hags, had endeavored to delineate chaos bewitched. But by dint"|71|6|8|3|3|1|0|1|0|0|0
"of much and earnest contemplation, and oft repeated ponderings, and"|68|6|7|2|5|1|0|0|0|0|0
"especially by throwing open the little window towards the back of the"|70|3|7|4|5|0|0|0|0|0|0
"entry, you at last come to the conclusion that such an idea, however"|69|5|6|2|6|3|0|0|0|0|0
"wild, might not be altogether unwarranted."|43|3|4|2|2|1|0|0|0|0|0
\"\"|1|0|0|0|0|0|0|0|0|0|0
"But what most puzzled and confounded you was a long, limber,"|61|4|3|1|5|4|0|0|0|0|0
"portentous, black mass of something hovering in the centre of the"|66|2|7|3|6|1|0|0|0|0|0
"picture over three blue, dim, perpendicular lines floating in a"|64|3|8|6|2|3|0|0|0|0|0
"nameless yeast. A boggy, soggy, squitchy picture truly, enough to drive"|72|2|6|3|4|4|1|0|0|0|0
"a nervous man distracted. Yet was there a sort of indefinite,"|62|5|7|4|3|1|0|0|0|0|0
"half-attained, unimaginable sublimity about it that fairly froze you to"|72|8|3|7|4|4|0|0|0|0|0
"it, till you involuntarily took an oath with yourself to find out what"|71|4|1|6|8|4|0|0|0|0|0
"that marvellous painting meant. Ever and anon a bright, but, alas,"|67|9|3|3|2|2|0|1|0|0|0
"deceptive idea would dart you through.—It’s the Black Sea in a midnight"|72|5|6|5|3|3|0|0|1|0|0
"gale.—It’s the unnatural combat of the four primal elements.—It’s a"|68|6|6|1|3|3|0|0|2|0|0
"blasted heath.—It’s a Hyperborean winter scene.—It’s the breaking-up of"|72|5|9|2|2|1|0|0|2|0|0
"the icebound stream of Time. But at last all these fancies yielded to"|70|5|9|4|3|2|0|0|0|0|0
"that one portentous something in the picture’s midst. _That_ once found"|72|2|6|4|6|3|0|0|0|0|0
"out, and all the rest were plain. But stop; does it not bear a faint"|69|6|6|3|4|2|0|0|0|0|0
"resemblance to a gigantic fish? even the great leviathan himself?"|66|6|9|5|1|0|0|0|0|0|0
\"\"|1|0|0|0|0|0|0|0|0|0|0
"In fact, the artist’s design seemed this: a final theory of my own,"|68|4|6|4|3|0|0|0|1|0|0
"partly based upon the aggregated opinions of many aged persons with"|68|6|6|3|5|1|0|0|0|0|0
"whom I conversed upon the subject. The picture represents a Cape-Horner"|72|2|11|1|4|3|0|0|1|0|0
"in a great hurricane; the half-foundered ship weltering there with its"|71|4|9|6|1|2|0|0|0|0|0
"three dismantled masts alone visible; and an exasperated whale,"|64|8|9|3|1|0|0|0|0|0|0
"purposing to spring clean over the craft, is in the enormous act of"|68|3|5|4|6|2|0|0|0|0|0
"impaling himself upon the three mast-heads."|44|3|5|3|1|1|0|0|0|0|0
\"\"|1|0|0|0|0|0|0|0|0|0|0
"The opposite wall of this entry was hung all over with a heathenish"|68|5|6|4|4|1|0|0|0|0|0
"array of monstrous clubs and spears. Some were thickly set with"|64|4|5|2|4|2|0|0|0|0|0
"glittering teeth resembling ivory saws; others were tufted with knots"|70|1|9|5|3|1|0|0|0|0|0
"of human hair; and one was sickle-shaped, with a vast handle sweeping"|70|8|6|4|2|1|0|0|0|0|0
"round like the segment made in the new-mown grass by a long-armed"|66|4|8|2|3|1|0|0|0|0|0
"mower. You shuddered as you gazed, and wondered what monstrous cannibal"|72|6|6|1|6|4|0|0|0|0|0
"and savage could ever have gone a death-harvesting with such a hacking,"|72|9|7|3|2|2|0|0|0|0|0
"horrifying implement. Mixed with these were rusty old whaling lances"|69|2|8|6|2|1|0|0|0|0|0
"and harpoons all broken and deformed. Some were storied weapons. With"|70|5|8|2|7|0|0|0|0|0|0
"this once long lance, now wildly elbowed, fifty years ago did Nathan"|69|5|5|4|5|0|0|0|0|0|0
"Swain kill fifteen whales between a sunrise and a sunset. And that"|67|6|8|4|0|2|1|0|0|0|0
"harpoon—so like a corkscrew now—was flung in Javan seas, and run away"|70|9|3|2|5|2|0|0|0|0|0
"with by a whale, years afterwards slain off the Cape of Blanco. The"|68|8|6|2|3|0|0|0|0|0|0
"original iron entered nigh the tail, and, like a restless needle"|65|4|10|6|2|0|0|0|0|0|0
"sojourning in the body of a man, travelled full forty feet, and at last"|72|6|5|2|5|2|0|0|0|0|0
"was found imbedded in the hump."|32|1|3|2|1|2|0|0|0|0|0
\"\"|1|0|0|0|0|0|0|0|0|0|0
"Crossing this dusky entry, and on through yon low-arched way—cut"|65|3|2|2|5|3|0|0|0|0|0
"through what in old times must have been a great central chimney with"|70|5|7|4|2|2|0|0|0|0|0
"fireplaces all round—you enter the public room. A still duskier place"|70|3|7|4|4|4|1|0|0|0|0
"is this, with such low ponderous beams above, and such old wrinkled"|68|3|4|4|5|3|0|0|0|0|0
"planks beneath, that you would almost fancy you trod some old craft’s"|70|6|3|0|7|3|0|0|0|0|0
"cockpits, especially of such a howling night, when this corner-anchored"|72|3|5|5|5|1|0|0|0|0|0
"old ark rocked so furiously. On one side stood a long, low, shelf-like"|71|2|5|3|9|2|0|0|0|1|0
"table covered with cracked glass cases, filled with dusty rarities"|67|5|7|5|1|1|0|0|0|0|0
"gathered from this wide world’s remotest nooks. Projecting from the"|68|1|7|3|7|0|0|0|0|0|0
"further angle of the room stands a dark-looking den—the bar—a rude"|67|6|6|1|5|2|0|0|0|0|0
"attempt at a right whale’s head. Be that how it may, there stands the"|70|8|7|2|1|0|0|0|0|0|0
"vast arched bone of the whale’s jaw, so wide, a coach might almost"|67|7|5|2|5|0|0|0|0|0|0
"drive beneath it. Within are shabby shelves, ranged round with old"|67|4|7|5|2|1|0|0|0|0|0
"decanters, bottles, flasks; and in those jaws of swift destruction,"|68|4|5|3|4|1|0|0|0|0|0
"like another cursed Jonah (by which name indeed they called him),"|66|4|8|4|2|1|0|0|0|0|0
"bustles a little withered old man, who, for their money, dearly sells"|70|3|8|3|4|1|0|0|0|0|0
"the sailors deliriums and death."|33|3|3|3|1|1|0|0|0|0|0
\"\"|1|0|0|0|0|0|0|0|0|0|0
"Abominable are the tumblers into which he pours his poison. Though true"|72|2|6|5|6|4|1|0|0|0|0
"cylinders without—within, the villanous green goggling glasses"|63|2|5|6|3|2|0|0|0|0|0
"deceitfully tapered downwards to a cheating bottom. Parallel meridians"|71|7|7|4|4|1|0|0|0|0|0
"rudely pecked into the glass, surround these footpads’ goblets. Fill to"|72|2|7|2|6|3|0|0|0|0|0
"_this_ mark, and your charge is but a penny; to _this_ a penny more;"|69|5|4|3|3|2|0|0|0|0|0
"and so on to the full glass—the Cape Horn measure, which you may gulp"|70|5|5|1|5|4|0|0|0|0|0
"down for a shilling."|21|1|0|2|2|0|0|0|0|0|0
\"\"|1|0|0|0|0|0|0|0|0|0|0
"Upon entering the place I found a number of young seamen gathered about"|72|5|9|1|5|4|0|0|1|0|1
"a table, examining by a dim light divers specimens of _skrimshander_. I"|72|5|6|7|1|0|0|0|1|0|0
"sought the landlord, and telling him I desired to be accommodated with"|71|4|6|4|5|1|0|0|1|0|0
"a room, received for answer that his house was full—not a bed"|62|5|6|2|5|2|0|0|0|0|0
"unoccupied. “But avast,” he added, tapping his forehead, “you haint no"|71|6|5|4|4|4|0|0|0|0|0
"objections to sharing a harpooneer’s blanket, have ye? I s’pose you are"|72|6|8|2|7|1|0|0|1|0|0
"goin’ a-whalin’, so you’d better get used to that sort of thing.”"|66|3|4|3|6|2|0|0|0|0|0
\"\"|1|0|0|0|0|0|0|0|0|0|0
"I told him that I never liked to sleep two in a bed; that if I should"|70|3|6|4|4|1|0|0|3|0|0
"ever do so, it would depend upon who the harpooneer might be, and that"|71|3|8|2|7|2|0|0|0|0|0
"if he (the landlord) really had no other place for me, and the"|63|5|7|1|4|0|0|0|0|0|0
"harpooneer was not decidedly objectionable, why rather than wander"|67|6|8|2|5|0|0|0|0|0|0
"further about a strange town on so bitter a night, I would put up with"|71|4|3|3|5|5|0|0|1|0|0
"the half of any decent man’s blanket."|38|4|4|0|1|0|0|0|0|0|0
\"\"|1|0|0|0|0|0|0|0|0|0|0
"“I thought so. All right; take a seat. Supper?—you want supper?"|64|4|4|1|3|4|1|0|1|0|0
"Supper’ll be ready directly.”"|30|1|4|1|0|1|0|0|0|0|0
\"\"|1|0|0|0|0|0|0|0|0|0|0
"I sat down on an old wooden settle, carved all over like a bench on the"|72|5|8|1|7|0|0|0|1|0|0
"Battery. At one end a ruminating tar was still further adorning it with"|72|6|4|6|2|2|1|0|0|0|0
"his jack-knife, stooping over and diligently working away at the space"|71|6|5|6|4|0|0|0|0|0|0
"between his legs. He was trying his hand at a ship under full sail, but"|72|5|6|5|0|3|0|0|0|0|0
"he didn’t make much headway, I thought."|40|3|3|1|1|2|0|0|1|0|0
\"\"|1|0|0|0|0|0|0|0|0|0|0
"At last some four or five of us were summoned to our meal in an"|64|3|6|2|7|4|1|0|0|0|0
"adjoining room. It was cold as Iceland—no fire at all—the landlord said"|72|8|3|4|6|0|0|0|2|0|0
"he couldn’t afford it. Nothing but two dismal tallow candles, each in a"|72|6|3|4|5|2|0|0|0|0|0
"winding sheet. We were fain to button up our monkey jackets, and hold"|70|3|7|3|5|3|0|0|0|0|0
"to our lips cups of scalding tea with our half frozen fingers. But the"|71|3|4|4|5|4|0|0|0|0|0
"fare was of the most substantial kind—not only meat and potatoes, but"|70|7|4|2|6|2|0|0|0|0|0
"dumplings; good heavens! dumplings for supper! One young fellow in a"|69|2|5|3|5|4|0|0|0|1|0
"green box coat, addressed himself to these dumplings in a most direful"|71|3|8|4|4|2|0|0|0|0|0
"manner."|8|1|1|0|0|0|0|0|0|0|0
\"\"|1|0|0|0|0|0|0|0|0|0|0
"“My boy,” said the landlord, “you’ll have the nightmare to a dead"|66|6|5|2|4|1|0|0|0|0|0
"sartainty.”"|12|2|0|1|0|0|0|0|0|0|0
\"\"|1|0|0|0|0|0|0|0|0|0|0
"“Landlord,” I whispered, “that aint the harpooneer is it?”"|59|4|5|4|3|0|0|0|1|0|0
\"\"|1|0|0|0|0|0|0|0|0|0|0
"“Oh, no,” said he, looking a sort of diabolically funny, “the"|62|4|2|4|6|1|0|0|0|1|0
"harpooneer is a dark complexioned chap. He never eats dumplings, he"|68|5|9|3|4|1|0|0|0|0|0
"don’t—he eats nothing but steaks, and he likes ’em rare.”"|58|4|7|2|2|1|0|0|0|0|0
\"\"|1|0|0|0|0|0|0|0|0|0|0
"“The devil he does,” says I. “Where is that harpooneer? Is he here?”"|69|3|11|2|3|0|0|0|2|0|0
\"\"|1|0|0|0|0|0|0|0|0|0|0
"“He’ll be here afore long,” was the answer."|44|3|7|0|2|0|0|0|0|0|0
\"\"|1|0|0|0|0|0|0|0|0|0|0
"I could not help it, but I began to feel suspicious of this “dark"|66|2|4|4|5|4|0|0|2|0|0
"complexioned” harpooneer. At any rate, I made up my mind that if it so"|71|5|6|4|5|1|1|0|1|0|0
"turned out that we should sleep together, he must undress and get into"|71|2|9|1|4|5|0|0|0|0|0
"bed before I did."|18|0|3|1|1|0|0|0|1|0|0
\"\"|1|0|0|0|0|0|0|0|0|0|0
"Supper over, the company went back to the bar-room, when, knowing not"|70|3|6|1|7|1|0|0|0|0|0
"what else to do with myself, I resolved to spend the rest of the"|65|1|9|1|5|0|0|0|1|0|0
"evening as a looker on."|24|2|3|1|3|0|0|0|0|0|0
\"\"|1|0|0|0|0|0|0|0|0|0|0
"Presently a rioting noise was heard without. Starting up, the landlord"|71|5|5|5|4|2|0|0|0|0|0
"cried, “That’s the Grampus’s crew. I seed her reported in the offing"|69|2|9|3|2|1|0|0|1|0|0
"this morning; a three years’ voyage, and a full ship. Hurrah, boys; now"|72|6|4|3|4|2|0|0|0|0|0
"we’ll have the latest news from the Feegees.”"|46|2|10|0|1|0|0|0|0|0|0
\"\"|1|0|0|0|0|0|0|0|0|0|0
"A tramping of sea boots was heard in the entry; the door was flung"|67|5|5|2|5|1|1|0|0|0|0
"open, and in rolled a wild set of mariners enough. Enveloped in their"|70|3|8|5|5|1|0|1|0|0|0
"shaggy watch coats, and with their heads muffled in woollen comforters,"|72|5|5|3|5|1|0|0|0|0|0
"all bedarned and ragged, and their beards stiff with icicles, they"|67|6|7|5|0|0|0|0|0|0|0
"seemed an eruption of bears from Labrador. They had just landed from"|69|6|7|1|5|2|0|0|0|0|0
"their boat, and this was the first house they entered. No wonder, then,"|72|3|9|3|4|1|0|0|0|0|0
"that they made a straight wake for the whale’s mouth—the bar—when the"|70|7|8|1|2|1|0|0|0|0|0
"wrinkled little old Jonah, there officiating, soon poured them out"|67|2|6|5|7|2|0|0|0|0|0
"brimmers all round. One complained of a bad cold in his head, upon"|67|5|4|4|5|2|0|0|0|1|0
"which Jonah mixed him a pitch-like potion of gin and molasses, which he"|72|4|4|8|5|0|0|0|0|0|0
"swore was a sovereign cure for all colds and catarrhs whatsoever, never"|72|7|8|1|5|1|0|0|0|0|0
"mind of how long standing, or whether caught off the coast of Labrador,"|72|5|3|2|8|1|0|0|0|0|0
"or on the weather side of an ice-island."|41|3|5|3|3|0|0|0|0|0|0
\"\"|1|0|0|0|0|0|0|0|0|0|0
"The liquor soon mounted into their heads, as it generally does even"|68|3|9|4|6|2|0|0|0|0|0
"with the arrantest topers newly landed from sea, and they began"|64|6|8|1|2|0|0|0|0|0|0
"capering about most obstreperously."|36|2|3|1|4|2|0|0|0|0|0
\"\"|1|0|0|0|0|0|0|0|0|0|0
"I observed, however, that one of them held somewhat aloof, and though"|70|4|8|0|8|1|0|0|1|0|0
"he seemed desirous not to spoil the hilarity of his shipmates by his"|69|2|7|7|5|1|0|0|0|0|0
"own sober face, yet upon the whole he refrained from making as much"|68|4|8|2|5|2|0|0|0|0|0
"noise as the rest. This man interested me at once; and since the"|65|4|10|4|2|0|0|0|0|0|0
"sea-gods had ordained that he should soon become my shipmate (though"|69|5|6|2|7|2|0|0|0|0|0
"but a sleeping-partner one, so far as this narrative is concerned), I"|70|6|7|4|3|1|0|0|1|0|0
"will here venture upon a little description of him. He stood full six"|70|1|7|6|5|3|0|0|0|0|0
"feet in height, with noble shoulders, and a chest like a coffer-dam. I"|71|4|8|4|3|1|0|0|1|0|0
"have seldom seen such brawn in a man. His face was deeply brown and"|68|7|7|2|2|1|0|0|0|0|0
"burnt, making his white teeth dazzling by the contrast; while in the"|69|3|6|6|1|1|0|0|0|0|0
"deep shadows of his eyes floated some reminiscences that did not seem"|70|3|11|4|5|0|0|0|0|0|0
"to give him much joy. His voice at once announced that he was a"|64|5|5|4|5|2|0|0|0|0|0
"Southerner, and from his fine stature, I thought he must be one of"|67|2|7|2|5|4|0|0|1|0|0
"those tall mountaineers from the Alleghanian Ridge in Virginia. When"|69|5|7|7|3|1|1|0|0|0|0
"the revelry of his companions had mounted to its height, this man"|66|3|5|5|5|1|0|0|0|0|0
"slipped away unobserved, and I saw no more of him till he became my"|68|5|7|3|4|1|0|0|1|0|0
"comrade on the sea. In a few minutes, however, he was missed by his"|68|4|9|3|3|1|0|0|1|0|0
"shipmates, and being, it seems, for some reason a huge favourite with"|70|5|8|5|4|2|0|0|0|0|0
"them, they raised a cry of “Bulkington! Bulkington! where’s"|60|2|5|3|3|2|0|0|0|0|0
"Bulkington?” and darted out of the house in pursuit of him."|60|2|3|4|5|5|0|0|0|0|0
\"\"|1|0|0|0|0|0|0|0|0|0|0
"It was now about nine o’clock, and the room seeming almost"|59|4|4|2|7|1|0|0|1|0|0
"supernaturally quiet after these orgies, I began to congratulate myself"|72|6|9|2|3|4|0|0|1|0|0
"upon a little plan that had occurred to me just previous to the"|64|4|5|2|5|4|0|0|0|0|0
"entrance of the seamen."|24|2|5|0|1|0|0|0|0|0|0
\"\"|1|0|0|0|0|0|0|0|0|0|0
"No man prefers to sleep two in a bed. In fact, you would a good deal"|69|5|6|1|7|2|0|0|1|0|0
"rather not sleep with your own brother. I don’t know how it is, but"|68|1|4|3|7|2|0|0|1|0|0
"people like to be private when they are sleeping. And when it comes to"|71|2|12|4|4|0|1|0|0|0|0
"sleeping with an unknown stranger, in a strange inn, in a strange town,"|72|6|5|5|2|1|0|0|0|0|0
"and that stranger a harpooneer, then your objections indefinitely"|66|5|7|4|5|1|0|0|0|0|0
"multiply. Nor was there any earthly reason why I as a sailor should"|68|7|4|2|4|2|0|0|1|0|0
"sleep two in a bed, more than anybody else; for sailors no more sleep"|70|4|9|2|7|0|0|0|0|0|0
"two in a bed at sea, than bachelor Kings do ashore. To be sure they all"|72|7|7|2|5|1|0|0|0|0|0
"sleep together in one apartment, but you have your own hammock, and"|68|5|7|1|6|3|0|0|0|0|0
"cover yourself with your own blanket, and sleep in your own skin."|66|2|5|3|6|3|0|0|0|0|0
\"\"|1|0|0|0|0|0|0|0|0|0|0
"The more I pondered over this harpooneer, the more I abominated the"|68|3|11|2|7|0|0|0|2|0|0
"thought of sleeping with him. It was fair to presume that being a"|66|4|5|5|3|2|0|0|1|0|0
